<?xml version='1.0' encoding='UTF-8'?>
<!--Archivo XML de muestra generado con XMLSpy v2022 (x64) (http://www.altova.com)-->
<P510_Manifest xmlns:xsi="http://www.w3.org/2001/XMLSchema-instance" xsi:noNamespaceSchemaLocation="P510_SCHEMA.xsd">
	<GeneralPLMInfo>
		<Unique_object_id>String</Unique_object_id>
		<Unique_baseline_id>String</Unique_baseline_id>
		<Version_identifier>String</Version_identifier>
		<Created_on>2001-12-17T09:30:47Z</Created_on>
		<Approver>String</Approver>
		<ApprovalState>String</ApprovalState>
		<Copyright>String</Copyright>
		<License>http://www.altova.com/</License>
		<Organization>String</Organization>
		<Export_control_marking>String</Export_control_marking>
		<Special_markings>String</Special_markings>
		<Specification_Type_Objectives>String</Specification_Type_Objectives>
	</GeneralPLMInfo>
	<RequirementsDevStructure>
		<DevTool_Name>String</DevTool_Name>
		<DevTool_Version>String</DevTool_Version>
		<DevTool_License>String</DevTool_License>
		<DevOS_Name>String</DevOS_Name>
		<DevOS_Version>String</DevOS_Version>
		<DevOS_License>String</DevOS_License>
		<RequirementAuthoringTechnique>Formal</RequirementAuthoringTechnique>
		<Format_name>Rich Text</Format_name>
		<Format_version>String</Format_version>
		<Specification_level>String</Specification_level>
		<Language>String</Language>
		<uses>
			<Type>Global</Type>
			<Link>http://www.altova.com/</Link>
			<ContentType>Change Request</ContentType>
			<Description>String</Description>
			<Timestamp_Archiving>2001-12-17T09:30:47Z</Timestamp_Archiving>
			<Timestamp_PLM>2001-12-17T09:30:47Z</Timestamp_PLM>
		</uses>
	</RequirementsDevStructure>
	<Requirements_Verification_Validation>
		<Validated_by>
			<Type>Global</Type>
			<Link>http://www.altova.com/</Link>
			<ContentType>Logical Model</ContentType>
			<Description>String</Description>
			<Timestamp_Archiving>2001-12-17T09:30:47Z</Timestamp_Archiving>
			<Timestamp_PLM>2001-12-17T09:30:47Z</Timestamp_PLM>
		</Validated_by>
		<Verified_by>
			<Type>Local</Type>
			<Link>http://www.altova.com/</Link>
			<ContentType>Test Plan</ContentType>
			<Description>String</Description>
			<Timestamp_Archiving>2001-12-17T09:30:47Z</Timestamp_Archiving>
			<Timestamp_PLM>2001-12-17T09:30:47Z</Timestamp_PLM>
		</Verified_by>
		<Scenario>
			<Id>String</Id>
			<Credibility_Level>String</Credibility_Level>
		</Scenario>
		<Specification_Consistency>true</Specification_Consistency>
		<Specification_Completeness>true</Specification_Completeness>
	</Requirements_Verification_Validation>
	<Requirements_Traceability>

	<Validated_by><Type>Local</Type><Link>2-Design\Component_2.fmu</Link><Timestamp_Archiving>2021-11-30T16:49:46.043309+00:00</Timestamp_Archiving><Timestamp_PLM>1638204388</Timestamp_PLM></Validated_by><Elaborated_by><Type>Local</Type><Link>1-Specification\Component_2.zip</Link><Timestamp_Archiving>2021-11-30T16:49:46.078309+00:00</Timestamp_Archiving><Timestamp_PLM>1638204388</Timestamp_PLM></Elaborated_by></Requirements_Traceability>
</P510_Manifest>
